{
    "0": [
        0.1491039549729666,
        0.09610106055094844
    ],
    "1": [
        0.2863134702498334,
        0.14761626102589537
    ],
    "2": [
        0.16382962720121558,
        0.17116112695221175
    ],
    "3": [
        0.2904115307640301,
        0.12458534071566356
    ]
}